{"(2, 2, 2, 1)": {"0": 95.69599817086107, "2": 66.96744657300054, "1": 96.57570402739853, "3": 45.2996214021853}, "(2, 2, 2, 2)": {"0": 115.24714424255758, "1": 119.01798655588657, "2": 93.30294710069037, "3": 94.48046278107562}, "(0, 2, 2, 1)": {"0": -11.197344020788371, "1": 1.8871557521469025, "3": -3.4000000000000004, "2": 10.010156024642326}, "(1, 1, 2, 2)": {"0": -10.233350891793327, "1": -12.961321752965187, "2": -8.075175373634384, "3": -1.5233924627495392}, "(0, 2, 2, 2)": {"0": -27.303456193308072, "1": -11.411040736436947, "2": -10.232724909466087, "3": -12.070811539879928}, "(1, 2, 2, 2)": {"3": 6.09775038313549, "2": -19.268245660693434, "1": 99.69334649604873, "0": -2.959162014603513}, "(1, 0, 1, 2)": {"0": -1.06, "1": -2.9000000000000004, "2": -2.0151003312753626, "3": 15.821714316582494}, "(2, 0, 1, 2)": {"0": 17.12908874590977, "3": -3.1985546752609695, "1": -6.784644868069403, "2": -1.4000000000000001}, "(2, 0, 1, 0)": {"0": 10.657946406027232}, "(2, 1, 1, 2)": {"0": -3.762198187082522, "3": 0.20773495514086893, "1": -8.258848272844453, "2": -7.110000915631426}, "(2, 2, 1, 2)": {"0": 113.36016374067225, "1": 124.47144057357178, "2": 80.8036803544481, "3": 95.6871042830631}, "(0, 2, 1, 2)": {"0": -6.601271696370456, "1": -0.06173538160049413, "2": -6.4515529713035455, "3": 3.4084386097570656}, "(2, 2, 2, 0)": {"0": 4.157055582585247, "3": -27.828242962357276, "2": -2.9776047868561175, "1": -6.304839638239354}, "(2, 1, 2, 0)": {"0": -0.4722324871780903, "2": 5.672673640551862, "1": -8.657664233116177, "3": -4.48273370637842}, "(2, 1, 2, 2)": {"2": -18.373637157994803, "0": -15.363153465583737, "3": -13.447926374846194, "1": -29.069095725642374}, "(2, 0, 2, 1)": {"0": 1.7332917339524962, "1": -11.739577517721004, "3": -7.669709426311703, "2": -0.2130471765110949}, "(2, 1, 2, 1)": {"0": -0.8073624163323141, "1": -5.288700012833933, "2": -3.354321649733819, "3": -14.105360205313119}, "(1, 2, 2, 1)": {"0": -13.746123195587284, "3": -15.647432440560394, "2": -4.220943327514683, "1": 40.308953368386874}, "(1, 1, 1, 2)": {"0": -3.644964159387598, "1": -7.331389202362283, "2": -1.7260616345149355, "3": 4.680878519052739}, "(1, 2, 2, 0)": {"1": -0.9165143845516315, "3": -9.674564867769538, "0": -6.864191786626056, "2": 4.912527334921721}, "(0, 1, 2, 0)": {"0": -2.45, "1": -2.5176843127178965, "2": 7.966822552613989}, "(1, 2, 1, 2)": {"0": 92.62754257417977, "1": 169.28322138202094, "2": 101.10280197760189, "3": 81.25529239567523}, "(2, 2, 0, 1)": {"0": 1.2391336287702064, "2": -13.59766537775986, "3": -6.667543934807532, "1": -3.2491766114095846}, "(2, 2, 0, 0)": {"3": -6.003995068727397, "0": -0.9802765301939181, "2": -2.596259144926503, "1": 5.951827828274987}, "(1, 2, 0, 2)": {"0": -5.927400894539849, "1": 4.420022491299198, "3": 1.6017828808838397}, "(2, 1, 0, 2)": {"0": 6.941447040695523, "2": -11.781612871836707, "1": -6.1987261036133425, "3": -2.202746679937544}, "(2, 2, 1, 1)": {"0": 122.5229404119997, "1": 45.27289198313001, "2": 17.00974411875654, "3": 47.53572805936905}, "(2, 2, 1, 0)": {"0": 1.6361602943926854, "1": -0.008338281774749934, "3": -4.000432801375116}, "(1, 0, 2, 1)": {"2": 16.506905405999547, "3": -0.11878339254966633, "0": -1.3155467086884536}, "(2, 0, 2, 2)": {"1": -28.92569920082968, "0": 9.014556528616081, "2": -14.694330208834625, "3": -14.50988080587356}, "(2, 2, 0, 2)": {"0": -15.728538151134146, "2": -18.136405160257127, "3": -14.789227639644297, "1": -13.354754198819933}, "(1, 2, 1, 1)": {"0": -3.9614614674332427, "1": 30.848443672284922}, "(0, 2, 1, 0)": {"0": -1.9480000000000002, "1": 10.99789634019668}, "(0, 2, 2, 0)": {"0": -3.440681, "1": 3.7760796119019355, "2": 1.1037459014446118}, "(2, 1, 0, 0)": {"0": 3.612011354413378}, "(1, 1, 2, 1)": {"2": 11.876906879076035, "1": -2.8137778122110975}, "(0, 1, 2, 2)": {"0": -5.3950000000000005, "1": -1.25, "2": 2.5416951768420013, "3": 9.41786578617956}, "(0, 2, 0, 2)": {"3": 7.101871302606357}, "(1, 0, 0, 2)": {"3": 11.82592186808338}, "(1, 0, 2, 2)": {"0": -7.1930224199373765, "2": 0.5245520259113075, "3": 3.9723244645915674}, "(0, 2, 0, 1)": {"0": -2.8477020440762204, "1": 11.40347486222779}, "(2, 0, 1, 1)": {"0": 6.929285725186815}, "(1, 1, 0, 2)": {"0": -1.3895508645660448, "1": -2.8603493452951, "2": -2.848875735948895, "3": 5.845005427273104}, "(1, 1, 0, 1)": {"0": -0.871624188404297, "1": -2.0851447496795887, "2": -1.9143572809093758, "3": -0.8079924756077808}, "(0, 1, 2, 1)": {"0": -5.4649812939295765, "1": -2.917138948778146, "2": 16.08407501018353}, "(2, 0, 0, 2)": {"3": 0.9496256658316399, "0": 22.311125564802452, "2": -6.547145144667448}, "(0, 0, 2, 2)": {"3": 7.358909743480171, "0": -3.114525108296702}, "(2, 0, 2, 0)": {"0": 22.349034583073074, "2": 2.0212682355379847, "1": -3.2747636456538967}, "(2, 0, 0, 1)": {"0": 7.617618277790514}, "(0, 2, 1, 1)": {"0": -1.814120291886551, "1": 10.540336798085178}, "(1, 2, 0, 1)": {"0": -0.8, "1": 10.532834758375685}, "(1, 0, 2, 0)": {"3": -5.355174415721015, "0": 0.0505246624276686}, "(1, 2, 1, 0)": {"0": -2.6361426818953024, "1": 11.247636341380822}, "(1, 2, 0, 0)": {"0": -2.114876978195056, "1": 6.21987594026986}, "(2, 1, 1, 1)": {"0": 10.638804560082836, "1": -5.100316457979642, "2": -2.591036328410189, "3": -3.9288350575065}, "(0, 1, 1, 2)": {"0": -1.42679098775423, "1": -2.2902046128783233, "2": -2.9210495394027998, "3": 3.831622735210639}, "(1, 1, 1, 0)": {"0": -0.18176328024468846, "2": -2.020299419445972, "1": -0.7628570027432535}, "(2, 1, 1, 0)": {"0": 7.875567588821546}, "(0, 1, 1, 1)": {"0": -2.7447546161881213, "1": -1.4672349479249993, "2": -0.5133944792647238, "3": -1.2508710126980986}, "(0, 1, 0, 2)": {"0": -2.013777812211097, "1": -2.405876738471382, "2": -1.7670581317122036, "3": 9.489715862396803}, "(2, 1, 0, 1)": {"3": -3.9105488718377353, "0": 7.875392640623231}, "(0, 0, 0, 1)": {"3": 1.726739950294762}, "(0, 0, 0, 2)": {"0": -1.9204191403611865, "2": -1.8286752733067573, "1": -0.8053881661655407, "3": 2.0914455323165515}, "(1, 1, 0, 0)": {"0": -0.8475940563418404, "1": -0.8013766215919009, "2": -2.0747197131886757}, "(0, 0, 1, 2)": {"0": -3.791112928994649, "3": 12.205188311076702}, "(1, 1, 2, 0)": {"3": -3.510570461052084, "0": -1.00083467577181, "1": -5.620563934322808, "2": 2.9665085894794516}, "(0, 0, 2, 1)": {"0": -1.346136768091162, "1": -3.6351447496795886, "2": 8.119919258730878}, "(0, 1, 0, 0)": {"0": -1.476996154307189}, "(1, 1, 1, 1)": {"3": -1.9172502624223302, "0": -1.3409751528509117, "1": -2.7642959973196883, "2": -1.1453986675044063}, "(1, 0, 1, 1)": {"0": -2.670475600996122, "2": -0.06368633223738814}, "(0, 1, 1, 0)": {"0": -1.4954527803815099, "1": -1.1330157216797123}, "(1, 0, 1, 0)": {"0": -0.3723822595043445}, "(1, 0, 0, 1)": {"1": -2.9827313188401936}, "(2, 0, 0, 0)": {"0": 9.2994088967144, "1": -1.4164522787451448, "2": -4.690145139158376, "3": -2.7637243080920473}, "(0, 0, 1, 1)": {"0": -2.9120476235058783, "1": -0.43572004779791185}, "(0, 1, 0, 1)": {"0": -1.2273403966246155}, "(0, 2, 0, 0)": {"0": -1.9419267489410412, "1": 34.04450513451097}, "(1, 0, 0, 0)": {"0": -1.5345217442259544, "1": -2.2648317245119176}, "(0, 0, 2, 0)": {"0": -1.2943240089892067}, "(0, 0, 0, 0)": {"1": 2.9928986309575083, "2": -0.9352029231033637, "3": -2.325020908343172, "0": -1.3066641505218435}}